id;ilk_odeme_tarihi;son_odeme_tarihi;odenen_tarih;toplam_tutar;sozlesme_id
1;2020-12-08T18:41:25;2020-12-08T12:28:27;2020-12-08T19:21:54;54083;1
2;2020-12-09T05:08:50;2020-12-09T06:46:44;2020-12-09T02:41:23;58308;2
3;2020-12-08T22:59:28;2020-12-08T11:32:25;2020-12-08T11:50:28;33493;3
4;2020-12-08T21:03:07;2020-12-08T14:16:56;2020-12-09T09:22:56;98499;4
5;2020-12-08T21:51:38;2020-12-08T12:30:32;2020-12-08T14:13:46;42870;5
6;2020-12-08T20:27:42;2020-12-08T19:45:20;2020-12-08T16:14:06;2937;6
7;2020-12-09T06:50:55;2020-12-08T16:05:26;2020-12-08T11:46:32;83821;7
8;2020-12-09T07:51:03;2020-12-09T10:34:19;2020-12-09T02:24:10;98247;8
9;2020-12-09T00:20:52;2020-12-08T22:55:51;2020-12-09T09:51:11;72031;9
10;2020-12-09T06:20:35;2020-12-08T20:02:03;2020-12-09T00:45:17;4488;10
